n_clusters,inertia,silhouette_score,svd_components,svd_explained_variance_ratio
2,42057.97265625,0.03275277838110924,100,0.20978105068206787
3,40951.2109375,0.03326199948787689,100,0.20978105068206787
4,40097.5,0.039694756269454956,100,0.20978105068206787
5,39312.82421875,0.04615647718310356,100,0.20978105068206787
6,38625.796875,0.05145087465643883,100,0.20978105068206787
7,37987.5390625,0.05209153890609741,100,0.20978105068206787
8,37501.109375,0.05375611037015915,100,0.20978105068206787
9,36965.20703125,0.056711602956056595,100,0.20978105068206787
10,36516.8671875,0.05947493761777878,100,0.20978105068206787
