n_clusters,inertia,silhouette_score,svd_components,svd_explained_variance_ratio
2,42123.63671875,0.03477438539266586,100,0.21226197481155396
3,40973.55078125,0.03503122925758362,100,0.21226197481155396
4,40079.58984375,0.042233485728502274,100,0.21226197481155396
5,39270.67578125,0.048696644604206085,100,0.21226197481155396
6,38526.9375,0.05125962570309639,100,0.21226197481155396
7,37865.40625,0.05370069667696953,100,0.21226197481155396
8,37325.3203125,0.05548854544758797,100,0.21226197481155396
9,36806.4453125,0.05964099243283272,100,0.21226197481155396
10,36320.84375,0.06243201345205307,100,0.21226197481155396
